INSERT INTO HW7G_CUSTOMER VALUES(
	HW7G_CustID.Nextval, 'Nikki', 'Kaccaton', '723-543-1233',
        'NKaccaton@somewhere.com');
		
INSERT INTO HW7G_CUSTOMER VALUES(
	HW7G_CustID.Nextval, 'Brenda', 'Catnazaro', '723-543-2344',
        'BCatnazaro@somewhere.com');
		
INSERT INTO HW7G_CUSTOMER VALUES(
	HW7G_CustID.Nextval, 'Bruce', 'LeCat', '723-543-3455',
        'BLeCat@somewhere.com');
		
INSERT INTO HW7G_CUSTOMER VALUES(
	HW7G_CustID.Nextval, 'Betsy', 'Miller', '723-654-3211',
        'BMiller@somewhere.com');
		
INSERT INTO HW7G_CUSTOMER VALUES(
	HW7G_CustID.Nextval, 'George', 'Miller', '723-654-4322',
        'GMiller@somewhere.com');
		
INSERT INTO HW7G_CUSTOMER VALUES(
	HW7G_CustID.Nextval, 'Kathy', 'Miller', '723-514-9877',
        'KMiller@somewhere.com');
		
INSERT INTO HW7G_CUSTOMER VALUES(
	HW7G_CustID.Nextval, 'Betsy', 'Miller', '723-514-8766',
        'BMiller@elsewhere.com');

		
		
		
		
		
INSERT INTO HW7G_SERVICE VALUES(
	10, 'Mens Shirt', 1.50);
	
INSERT INTO HW7G_SERVICE VALUES(
	11, 'Dress Shirt', 2.50);
	
INSERT INTO HW7G_SERVICE VALUES(
	15, 'Womens Shirt', 1.50);
	
INSERT INTO HW7G_SERVICE VALUES(
	16, 'Blouse', 3.50);
	
INSERT INTO HW7G_SERVICE VALUES(
	17, 'Dress Blouse', 4.50);

INSERT INTO HW7G_SERVICE VALUES(
	20, 'Mens Slacks', 5.00);
	
INSERT INTO HW7G_SERVICE VALUES(
	25, 'Womens Slacks', 6.00);
	
INSERT INTO HW7G_SERVICE VALUES(
	30, 'Skirt', 5.00);
	
INSERT INTO HW7G_SERVICE VALUES(
	31, 'Dress Skirt', 6.00);
	
INSERT INTO HW7G_SERVICE VALUES(
	40, 'Mens Suit', 9.00);
	
INSERT INTO HW7G_SERVICE VALUES(
	45, 'Womens Suit', 8.50);
	
INSERT INTO HW7G_SERVICE VALUES(
	50, 'Tuxedo', 10.00);
	
INSERT INTO HW7G_SERVICE VALUES(
	60, 'Formal Gown', 10.00);
	
	
	
	
	
	
	
	
INSERT INTO HW7G_ORDER VALUES(
	2009001, 100, '4-OCT-2012', '6-OCT-2012', 158.50,
        12.52, 171.02);
		
INSERT INTO HW7G_ORDER VALUES(
	2009002, 105, '4-OCT-2012', '6-OCT-2012', 25.00,
        1.98, 26.98);
		
INSERT INTO HW7G_ORDER VALUES(
	2009003, 100, '6-OCT-2012', '8-OCT-2012', 49.00,
        3.87, 52.87);
		
INSERT INTO HW7G_ORDER VALUES(
	2009004, 115, '6-OCT-2012', '8-OCT-2012', 17.50,
        1.38, 18.88);
		
INSERT INTO HW7G_ORDER VALUES(
	2009005, 125, '7-OCT-2012', '11-OCT-2012', 12.00,
        0.95, 12.95);
		
INSERT INTO HW7G_ORDER VALUES(
	2009006, 110, '11-OCT-2012', '13-OCT-2012', 152.50,
        12.05, 164.55);
		
INSERT INTO HW7G_ORDER VALUES(
	2009007, 110, '11-OCT-2012', '13-OCT-2012', 7.00,
        0.55, 7.55);
		
INSERT INTO HW7G_ORDER VALUES(
	2009008, 130, '12-OCT-2012', '14-OCT-2012', 140.50,
        11.10, 151.60);
		
INSERT INTO HW7G_ORDER VALUES(
	2009009, 120, '12-OCT-2012', '14-OCT-2012', 27.00,
        2.13, 29.13);
		
		
		
		
		
		
		
		
INSERT INTO HW7G_ORDER_ITEM VALUES(
	2009001, 1, 16, 2, 3.50, 7.00);
	
INSERT INTO HW7G_ORDER_ITEM VALUES(
	2009001, 2, 11, 5, 2.50, 12.50);
	
INSERT INTO HW7G_ORDER_ITEM VALUES(
	2009001, 3, 50, 2, 10.00, 20.00);
	
INSERT INTO HW7G_ORDER_ITEM VALUES(
	2009001, 4, 20, 10, 5.00, 50.00);
	
INSERT INTO HW7G_ORDER_ITEM VALUES(
	2009001, 5, 25, 10, 6.00, 60.00);
	
INSERT INTO HW7G_ORDER_ITEM VALUES(
	2009001, 6, 40, 1, 9.00, 9.00);
	
INSERT INTO HW7G_ORDER_ITEM VALUES(
	2009002, 1, 11, 10, 2.50, 25.00);
	
INSERT INTO HW7G_ORDER_ITEM VALUES(
	2009003, 1, 20, 5, 5.00, 25.00);
	
INSERT INTO HW7G_ORDER_ITEM VALUES(
	2009003, 2, 25, 4, 6.00, 24.00);
	
INSERT INTO HW7G_ORDER_ITEM VALUES(
	2009004, 1, 11, 7, 2.50, 17.50);
	
INSERT INTO HW7G_ORDER_ITEM VALUES(
	2009005, 1, 16, 2, 3.50, 7.00);
	
INSERT INTO HW7G_ORDER_ITEM VALUES(
	2009005, 2, 11, 2, 2.50, 5.00);
	
INSERT INTO HW7G_ORDER_ITEM VALUES(
	2009006, 1, 16, 5, 3.50, 17.50);
	
INSERT INTO HW7G_ORDER_ITEM VALUES(
	2009006, 2, 11, 10, 2.50, 25.00);
	
INSERT INTO HW7G_ORDER_ITEM VALUES(
	2009006, 3, 20, 10, 5.00, 50.00);
	
INSERT INTO HW7G_ORDER_ITEM VALUES(
	2009006, 4, 25, 10, 6.00, 60.00);
	
INSERT INTO HW7G_ORDER_ITEM VALUES(
	2009007, 1, 16, 2, 3.50, 7.00);
	
INSERT INTO HW7G_ORDER_ITEM VALUES(
	2009008, 1, 16, 3, 3.50, 10.50);
	
INSERT INTO HW7G_ORDER_ITEM VALUES(
	2009008, 2, 11, 12, 2.50, 30.00);
	
INSERT INTO HW7G_ORDER_ITEM VALUES(
	2009008, 3, 20, 8, 5.00, 40.00);
	
INSERT INTO HW7G_ORDER_ITEM VALUES(
	2009008, 4, 25, 10, 6.00, 60.00);
	
INSERT INTO HW7G_ORDER_ITEM VALUES(
	2009009, 1, 40, 3, 9.00, 27.00);
	
	
	
	
	
	
	
	
	
	
	
	
	
	
	
	
	
	
	
	
	